{"cameraMode":{"drawMode":0,"name":"Shaded","section":"Shading Mode"},"sceneLighting":true,"audioPlay":false,"sceneViewState":{"showFog":true,"showMaterialUpdate":false,"showSkybox":true,"showFlares":true,"showImageEffects":true,"showParticleSystems":true},"in2DMode":false,"pivot":{"x":780.6237182617188,"y":243.11593627929688,"z":17.661209106445314},"rotation":{"x":0.12412592768669129,"y":-0.02919413149356842,"z":0.003653337247669697,"w":0.9918302297592163},"size":452.4082946777344,"orthographic":false}