{"cameraMode":{"drawMode":0,"name":"Shaded","section":"Shading Mode"},"sceneLighting":true,"audioPlay":false,"sceneViewState":{"showFog":true,"showMaterialUpdate":false,"showSkybox":false,"showFlares":true,"showImageEffects":true,"showParticleSystems":true},"in2DMode":false,"pivot":{"x":316.6833190917969,"y":3.5979998111724855,"z":110.29855346679688},"rotation":{"x":-0.12355637550354004,"y":0.6499674916267395,"z":-0.10823138058185578,"w":-0.7419987320899963},"size":40.865882873535159,"orthographic":false}